{
  "version": "6.0",
  "nxVersion": "17.0.0",
  "deps": {
    "@nx/js": "17.0.0",
    "nx": "17.0.0"
  },
  "pathMappings": {},
  "nxJsonPlugins": [],
  "pluginsConfig": {
    "@nx/js": {
      "analyzeSourceFiles": false
    }
  },
  "fileMap": {
    "projectFileMap": {},
    "nonProjectFiles": [
      {
        "file": ".gitignore",
        "hash": "6359271932961517713"
      },
      {
        "file": ".vscode/extensions.json",
        "hash": "15542186811534988851"
      },
      {
        "file": "README.md",
        "hash": "6495265135718307696"
      },
      {
        "file": "nx.json",
        "hash": "10229305229727719974"
      },
      {
        "file": "package.json",
        "hash": "584593536609326369"
      }
    ]
  }
}
