{
  "$schema": "./node_modules/nx/schemas/nx-schema.json",
  "targetDefaults": {
    "build": {
      "cache": true,
      "dependsOn": ["^build"],
      "inputs": ["production", "^production"]
    },
    "lint": {
      "cache": true,
      "inputs": ["default", "{workspaceRoot}/.eslintrc.json", "{workspaceRoot}/.eslintignore", "{workspaceRoot}/eslint.config.js"]
    },
    "test": {
      "cache": true,
      "inputs": ["default", "^production"]
    },
    "e2e": {
      "cache": true
    }
  },
  "namedInputs": {
    "default": ["{projectRoot}/**/*", "sharedGlobals"],
    "production": [
      "default",
      "!{projectRoot}/.eslintrc.json",
      "!{projectRoot}/eslint.config.js",
      "!{projectRoot}/**/?(*.)+(spec|test).[jt]s?(x)?(.snap)",
      "!{projectRoot}/tsconfig.spec.json"
    ],
    "sharedGlobals": []
  }
}
