{
  "version": "6.0",
  "nxVersion": "17.0.0",
  "deps": {
    "@nx/js": "17.0.0",
    "@nx/workspace": "17.0.0",
    "nx": "17.0.0"
  },
  "pathMappings": {},
  "nxJsonPlugins": [],
  "fileMap": {
    "projectFileMap": {},
    "nonProjectFiles": [
      {
        "file": ".editorconfig",
        "hash": "5443105041930014821"
      },
      {
        "file": ".gitignore",
        "hash": "16877376182141465221"
      },
      {
        "file": ".vscode/extensions.json",
        "hash": "3833545590435012078"
      },
      {
        "file": "README.md",
        "hash": "13606116905432797463"
      },
      {
        "file": "nx.json",
        "hash": "4903636170274507008"
      },
      {
        "file": "package-lock.json",
        "hash": "7364886405828886571"
      },
      {
        "file": "package.json",
        "hash": "14046814314752392674"
      }
    ]
  }
}
