{
  "$schema": "./node_modules/nx/schemas/nx-schema.json",
  "targetDefaults": {
    "build": {
      "cache": true,
      "dependsOn": ["^build"],
      "inputs": ["production", "^production"]
    },
    "lint": {
      "cache": true,
      "inputs": [
        "default",
        "{workspaceRoot}/.eslintrc.json",
        "{workspaceRoot}/.eslintignore",
        "{workspaceRoot}/eslint.config.js"
      ]
    },
    "test": {
      "cache": true,
      "inputs": ["default", "^production", "{workspaceRoot}/jest.preset.js"]
    },
    "e2e": {
      "cache": true,
      "inputs": ["default", "^production"]
    },
    "install": {
      "cache": true
    }
  },
  "namedInputs": {
    "default": ["{projectRoot}/**/*", "sharedGlobals"],
    "production": [
      "default",
      "!{projectRoot}/**/?(*.)+(spec|test).[jt]s?(x)?(.snap)",
      "!{projectRoot}/tsconfig.spec.json",
      "!{projectRoot}/jest.config.[jt]s",
      "!{projectRoot}/src/test-setup.[jt]s",
      "!{projectRoot}/test-setup.[jt]s",
      "!{projectRoot}/.eslintrc.json",
      "!{projectRoot}/eslint.config.js"
    ],
    "sharedGlobals": []
  },
  "generators": {
    "@nx/angular:application": {
      "style": "scss",
      "linter": "eslint",
      "unitTestRunner": "jest",
      "e2eTestRunner": "cypress"
    },
    "@nx/angular:library": {
      "linter": "eslint",
      "unitTestRunner": "jest"
    },
    "@nx/angular:component": {
      "style": "scss"
    },
    "@nx/react": {
      "application": {
        "style": "scss",
        "linter": "eslint",
        "bundler": "webpack",
        "babel": true
      },
      "component": {
        "style": "scss"
      },
      "library": {
        "style": "scss",
        "linter": "eslint",
        "unitTestRunner": "jest"
      }
    }
  },
  "plugins": [
    "@nxrocks/nx-spring-boot"
  ]
}
