{
  "version": "6.0",
  "nxVersion": "17.0.0",
  "deps": {
    "@nx/angular": "^17.0.0",
    "@nx/js": "17.0.0",
    "@nx/workspace": "17.0.0",
    "@nxrocks/nx-spring-boot": "^9.2.1",
    "nx": "17.0.0"
  },
  "pathMappings": {},
  "nxJsonPlugins": [],
  "fileMap": {
    "projectFileMap": {},
    "nonProjectFiles": [
      {
        "file": ".editorconfig",
        "hash": "5443105041930014821"
      },
      {
        "file": ".gitignore",
        "hash": "16877376182141465221"
      },
      {
        "file": ".vscode/extensions.json",
        "hash": "3833545590435012078"
      },
      {
        "file": "README.md",
        "hash": "17690242206597105029"
      },
      {
        "file": "nx.json",
        "hash": "4903636170274507008"
      },
      {
        "file": "package-lock.json",
        "hash": "14917240625833499235"
      },
      {
        "file": "package.json",
        "hash": "4160829865455654571"
      }
    ]
  }
}
