{
  "version": "6.0",
  "nxVersion": "17.0.0",
  "deps": {
    "@nx/js": "17.0.0",
    "@nx/workspace": "17.0.0",
    "nx": "17.0.0"
  },
  "pathMappings": {},
  "nxJsonPlugins": [],
  "fileMap": {
    "projectFileMap": {},
    "nonProjectFiles": [
      {
        "file": ".editorconfig",
        "hash": "5443105041930014821"
      },
      {
        "file": ".gitignore",
        "hash": "16877376182141465221"
      },
      {
        "file": ".nx/cache/file-map.json",
        "hash": "6080317531558787443"
      },
      {
        "file": ".nx/cache/project-graph.json",
        "hash": "17289852913997677231"
      },
      {
        "file": ".vscode/extensions.json",
        "hash": "3833545590435012078"
      },
      {
        "file": "README.md",
        "hash": "17690242206597105029"
      },
      {
        "file": "nx.json",
        "hash": "4903636170274507008"
      },
      {
        "file": "package-lock.json",
        "hash": "4021703607763695834"
      },
      {
        "file": "package.json",
        "hash": "6769261189822857597"
      }
    ]
  }
}
