{
  "version": "6.0",
  "nxVersion": "17.0.0",
  "deps": {
    "@nx/js": "17.0.0",
    "@nx/workspace": "17.0.0",
    "nx": "17.0.0"
  },
  "pathMappings": {},
  "nxJsonPlugins": [],
  "fileMap": {
    "projectFileMap": {},
    "nonProjectFiles": [
      {
        "file": ".gitignore",
        "hash": "16877376182141465221"
      },
      {
        "file": ".vscode/extensions.json",
        "hash": "5673190821613406900"
      },
      {
        "file": "README.md",
        "hash": "18264999299437773953"
      },
      {
        "file": "nx.json",
        "hash": "4903636170274507008"
      },
      {
        "file": "package-lock.json",
        "hash": "12248225401939407702"
      },
      {
        "file": "package.json",
        "hash": "5776505758703698545"
      }
    ]
  }
}
